Company,Date
HB Fuller,9/18/2016
Stratasys,9/19/2016
Brady Corp,9/19/2016
Boston Scientific,9/30/2016
Medtronic,10/26/2016
Life-Core Biomedical,11/22/2016
C.R. Bard International,11/22/2016
Valspar,11/23/2016
Kelly Career Netwrok,5/25/2017
Abbott,5/25/2017
Interplastic Corp,5/26/2017
"Inside Talent, Inc.",5/27/2017
George Kronik Associates,5/27/2017
Maxxon Corp.,07/02/2017
Medtronic,07/02/2017
Stratasys,07/02/2017
Bimeda,07/02/2017
Michael Foods,07/02/2017
3M,07/02/2017
3M,07/02/2017
Promega,07/02/2017
Exact Sciences,07/02/2017
Covance,07/02/2017
PPD,07/02/2017
Arrowhead Pharmaceuticals,07/06/2017
Bell International Labs,07/06/2017
Bell International Labs,07/06/2017
Baxter International,07/06/2017
Arrowhead Pharmaceuticals,07/07/2017
Flint,07/11/2017
Dow,07/11/2017
KLA-Tencor,07/11/2017
Bayer,07/12/2017
Dow,08/08/2017
Dupont,8/16/2017
PPD,8/16/2017
General Mills,8/16/2017
Pfizer,8/16/2017
CyberCoders,8/16/2017
Covance,8/16/2017
EInk,8/16/2017
Dow,9/13/2017
ExxonMobil,9/15/2017
Praxair,9/15/2017
3M,9/16/2017
PolyOne,9/18/2017
Seagate,11/5/2017
Covance,11/5/2017
Evonik,11/5/2017
Boston Scientific,11/5/2017
Bayer,11/5/2017
HB Fuller,11/6/2017
Valspar,11/6/2017
Ecolab,11/12/2017
Ginkgo's,11/12/2017
3M,11/12/2017
3M,11/12/2017
Anaren,11/12/2017
Promega,11/13/2017
Promega,11/13/2017
Intel,11/13/2017
Intel,11/13/2017
Intel,11/13/2017
Understory,11/14/2017
Johnson Controls,11/14/2017
APLOMB,11/14/2017
Strike Social,11/14/2017
AbbVie,11/14/2017
LogRhythm,11/14/2017
Zurich,11/14/2017
SEAGATE,11/19/2017
IRI,06/08/2018
Crowe,06/08/2018
CSC Generation,06/08/2018
Allegion,06/11/2018
Robert Half Technology,06/11/2018
Ascension,06/11/2018
Pegasus,06/11/2018
Sterling Engineering,06/11/2018
Maven,06/11/2018
Groupon,06/12/2018
Eli Lilly,06/12/2018
PSM Partners,06/12/2018
Stefanini,06/13/2018
Performics,06/13/2018
Nielsen,06/13/2018
Conversant,6/15/2018
Trading Technologies,6/15/2018
Performics,06/15/2018
Synchrony,06/15/2018
ThoughtWorks,06/15/2018
Geneic Recruit,06/18/2018
"Nexant, Inc.",06/18/2018
Job Spring Partners,06/18/2018
KSM Consulting,06/19/2018
CNA Insurance,06/19/2018
Enova International,06/19/2018
Zurich Insurance,06/20/2018
Gallagher,06/20/2018
Harman International,06/20/2018
Cardinal Solutions,06/21/2018
JP Morgan Chase & Co.,06/21/2018
Monsanto,06/21/2018
dunnhubby,06/22/2018
CapTech,06/22/2018
Cummins Inc.,06/22/2018
Modis (recruiter),06/25/2018
Vizient,06/25/2018
Avant,06/25/2018
HERE Technologies,06/25/2018
"Nexant, Inc.",06/27/2018
NexLP,06/27/2018
Insight Fellows,07/01/2018
Data Incubator,07/01/2018
Data Scientist,07/02/2018
Enterprise Solutions Inc,07/02/2018
Aquilent/Booz Allen,07/02/2018
Kin Insurance,07/02/2018
W.L. Gore & Associates,07/02/2018
Nielsen,07/06/2018
Ulta Beauty,07/06/2018
Genesys Infotech,07/09/2018
United Airlines,07/09/2018
Apex Systems,07/09/2018
ThoughtWorks,07/10/2018
GoHealth,07/10/2018
CNA Insurance,07/10/2018
Ameritrade,07/10/2018
Quotient Tech,07/10/2018
Expedia,07/11/2018
Civis Analytics,07/11/2018
MSH Group,07/16/2018
Avanade,07/16/2018
Verizon,07/16/2018
Blue Cross,07/16/2018
Balyasny Asset Management,07/16/2018
Enova International,07/16/2018
IT Associates,07/17/2018
Unnamed,07/17/2018
Workbridge Assoc,07/17/2018
RandStad TEch,07/17/2018
Enova International,07/23/2018
Comcast,07/23/2018
Apex Systems,07/23/2018
Viral Launch,07/23/2018
Mathematica,07/23/2018
Journera,07/23/2018
[generic],07/23/2018
Evonik,07/23/2018
[accounting],07/23/2018
Blackbird Garage,07/23/2018
Ascendum,07/24/2018
Brooksource,07/24/2018
Altair,07/24/2018
Trunk Club,07/26/2018
Wyzant,07/26/2018
[Generic],07/30/2018
Boeing,07/30/2018
Monsanto,07/30/2018
Indiana Univ.,07/31/2018
E Trade,08/01/2018
Zurich Insurance,08/01/2018
"Quadratic Systems, Inc",08/03/2018
Satcon Technology Corporation,08/05/2018
Centro,08/05/2018
Best Buy,08/05/2018
Amdoc,08/07/2018
Centro,08/07/2018
System One,08/07/2018
Eli Lilly,08/07/2018
